text,category
Кіноклуб абонемент,Розваги
Заробітна плата,Зарплата
Лабораторія CSD,Здоров'я
Паром переправа,Транспорт
Штраф адміністративний,Інше
Мийка авто,Транспорт
Газ постачання,Комунальні
Психотерапевт сеанс,Здоров'я
Disney Plus підписка,Розваги
Водопостачання рахунок,Комунальні
Продуктовий магазин,Їжа
Burger King,Їжа
Настільні ігри магазин,Розваги
Кабельне телебачення,Комунальні
Кавярня Aroma,Їжа
Makro продукти,Їжа
Остеопат сеанс,Здоров'я
ДТЕК електрика,Комунальні
Страхування майна,Інше
Поштові послуги,Інше
Comfy електроніка,Інше
Varus супермаркет,Їжа
Більярдна зала,Розваги
Фітнес клуб World Class,Здоров'я
Квіти магазин,Інше
Apple Music підписка,Розваги
Виплата бонусу,Зарплата
Apple Store,Інше
Фізіотерапія курс,Здоров'я
YouTube Premium,Розваги
Comfy електроніка,Інше
ФОП виплата місячна,Зарплата
Єдина квитанція,Комунальні
Аптека Доброго Дня,Здоров'я
Суші майстер,Їжа
Квартплата,Комунальні
Тренажерний зал,Здоров'я
Нова Пошта,Інше
Karaoke вечір,Розваги
Метро Cash&Carry,Їжа
AliExpress товар,Інше
ДТЕК електрика,Комунальні
Karaoke вечір,Розваги
Барна стійка,Розваги
Ювелірний магазин,Інше
Дохід Fiverr,Зарплата
Лабораторія Діла,Здоров'я
Річна премія,Зарплата
Пілатес заняття,Здоров'я
Інтернет Lifecell,Комунальні
Клініка Борис,Здоров'я
Каршерінг Delimobil,Транспорт
Охорона будинку,Комунальні
Техогляд авто,Транспорт
Офтальмолог прийом,Здоров'я
Аналізи крові,Здоров'я
Дохід ПП,Зарплата
Клас маркет,Їжа
Медичний центр Добробут,Здоров'я
Домашня кухня кафе,Їжа
ОСББ внесок,Комунальні
Виплата ТОВ Альфа,Зарплата
Електроавтобус картка,Транспорт
МЦ Оберіг,Здоров'я
Аванс ТОВ,Зарплата
KFC ресторан,Їжа
Трамвай картка,Транспорт
Паперові товари,Інше
Клініка Борис,Здоров'я
Концерт квиток,Розваги
Укрпошта доставка вантажу,Транспорт
Остеопат сеанс,Здоров'я
Зарплата підприємство,Зарплата
Послуги нотаріуса,Інше
М'ясна лавка,Їжа
Виплата ТОВ Бета,Зарплата
Медичний огляд,Здоров'я
Нафтогаз,Комунальні
Паром переправа,Транспорт
Укрпошта доставка вантажу,Транспорт
Uber таксі,Транспорт
Nintendo eShop,Розваги
Зоомагазин,Інше
Боулінг клуб,Розваги
H&M покупка,Інше
ФОП виплата місячна,Зарплата
Домашня кухня кафе,Їжа
ДТЕК електрика,Комунальні
Подарунок покупка,Інше
Виплата ТОВ Альфа,Зарплата
Karaoke вечір,Розваги
ФОП виплата місячна,Зарплата
Фізіотерапія курс,Здоров'я
Суші майстер,Їжа
SportLife абонемент,Здоров'я
БРСМ паливо,Транспорт
Costa Coffee,Їжа
ФОП виплата місячна,Зарплата
Квартальна премія,Зарплата
Поповнення Vodafone,Інше
Поповнення Lifecell,Інше
Виплата ТОВ Альфа,Зарплата
Страховка житла,Комунальні
Невролог прийом,Здоров'я
Мережа Євроопт,Їжа
Дієтолог прийом,Здоров'я
Гонорар за проект,Зарплата
Ремонт телефону,Інше
Клас маркет,Їжа
WOG АЗС,Транспорт
Репетиторство оплата,Зарплата
Невролог прийом,Здоров'я
Клас маркет,Їжа
ДТЕК електрика,Комунальні
Особистий тренер,Здоров'я
Квартальна премія,Зарплата
Лікар Салат,Їжа
Єдина квитанція,Комунальні
Нова Пошта,Інше
Зарплата ТОВ Гамма,Зарплата
Метро Київ,Транспорт
Мийка авто,Транспорт
Гравірування хобі,Розваги
Невролог прийом,Здоров'я
Домофон обслуговування,Комунальні
Аванс ФОП,Зарплата
Газ постачання,Комунальні
Паперові товари,Інше
Київенерго електроенергія,Комунальні
Річна премія,Зарплата
Дискотека вхід,Розваги
Аналізи крові,Здоров'я
Billa продукти,Їжа
Фізіотерапія курс,Здоров'я
Фестиваль вхідний,Розваги
Ельдорадо гаджет,Інше
Квартальна премія,Зарплата
Аптека 911,Здоров'я
Аванс ТОВ Дельта,Зарплата
Burger King,Їжа
Лабораторія CSD,Здоров'я
Автобус Київ,Транспорт
Disney Plus підписка,Розваги
Кіноклуб абонемент,Розваги
Фестиваль вхідний,Розваги
Justin доставка,Інше
ФОП виплата місячна,Зарплата
VR клуб,Розваги
Відеотека оренда,Розваги
Каршерінг Delimobil,Транспорт
Кулиничі,Їжа
Декретні виплата,Зарплата
Інтернет Lifecell,Комунальні
Comfy електроніка,Інше
Netflix підписка,Розваги
Велопрокат Nextbike,Транспорт
Аванс ТОВ,Зарплата
McDonalds,Їжа
Гонорар за проект,Зарплата
Трамвай картка,Транспорт
Мережа Євроопт,Їжа
Молочний ринок,Їжа
Поштові послуги,Інше
Фокстрот техніка,Інше
Spotify музика,Розваги
Водолічильник повірка,Комунальні
Karaoke вечір,Розваги
Лабораторія Діла,Здоров'я
Karaoke вечір,Розваги
Картинг клуб,Розваги
Тролейбус поповнення,Транспорт
ФОП дохід,Зарплата
ФОП виплата місячна,Зарплата
Дієтолог прийом,Здоров'я
Метро Cash&Carry,Їжа
МЦ Оберіг,Здоров'я
Опера квиток,Розваги
PlayStation Store,Розваги
Послуги нотаріуса,Інше
Поповнення Vodafone,Інше
Елітне таксі,Транспорт
Вивіз сміття,Комунальні
Goodwine вино,Їжа
Easy Park паркування,Транспорт
Проектна виплата,Зарплата
Nash Format книги,Інше
Ліфт обслуговування,Комунальні
Кіноклуб абонемент,Розваги
Uber Eats замовлення,Їжа
Нова Пошта доставка великого,Транспорт
Боулінг клуб,Розваги
Закупівля тижнева,Їжа
Піца з доставкою,Їжа
Опера квиток,Розваги
YouTube Premium,Розваги
Аквапарк,Розваги
Аванс ФОП,Зарплата
Якitoriya,Їжа
Лікарняний виплата,Зарплата
Зоопарк квиток,Розваги
Заробітна плата,Зарплата
Квартальна премія,Зарплата
Квартплата,Комунальні
Каршерінг Delimobil,Транспорт
H&M покупка,Інше
Виплата фріланс Upwork,Зарплата
Оплата Ясно,Комунальні
Концерт квиток,Розваги
Репетиторство оплата,Зарплата
Дохід Fiverr,Зарплата
Остеопат сеанс,Здоров'я
Фокстрот техніка,Інше
Scooter оренда,Транспорт
Дохід від фрілансу,Зарплата
Дохід Fiverr,Зарплата
Медичний огляд,Здоров'я
Вивіз сміття,Комунальні
Річна премія,Зарплата
Страховка житла,Комунальні
ДТЕК паркування,Транспорт
Scooter оренда,Транспорт
Виплата ТОВ Бета,Зарплата
Музей вхід,Розваги
МРТ обстеження,Здоров'я
Теплопостачання,Комунальні
Стоматологія,Здоров'я
Вивіз сміття,Комунальні
Apple Music підписка,Розваги
Yoga студія,Здоров'я
Netflix підписка,Розваги
Нафтогаз,Комунальні
Виставка квиток,Розваги
Оплата Ясно,Комунальні
Масаж лікувальний,Здоров'я
Консультація лікаря,Здоров'я
Платіжка ЖКГ,Комунальні
Опалення сезон,Комунальні
Amazon замовлення,Інше
Сніданок кафе,Їжа
Ліфт обслуговування,Комунальні
Остеопат сеанс,Здоров'я
Техогляд авто,Транспорт
Гонорар за проект,Зарплата
Охорона будинку,Комунальні
Заробітна плата,Зарплата
PlayStation Store,Розваги
Аванс ТОВ Дельта,Зарплата
Billa продукти,Їжа
ДТЕК електрика,Комунальні
Виплата бонусу,Зарплата
Домофон обслуговування,Комунальні
Nintendo eShop,Розваги
Yoga студія,Здоров'я
Річна премія,Зарплата
ФОП дохід,Зарплата
Каршерінг Getmancar,Транспорт
Проектна виплата,Зарплата
Rent a car,Транспорт
Канцтовари офісні,Інше
Leroy Merlin ремонт,Інше
Зарплата підприємство,Зарплата
Лабораторія Діла,Здоров'я
Uber таксі,Транспорт
Відеотека оренда,Розваги
Shell АЗС,Транспорт
Фокстрот техніка,Інше
Оренда квартири,Комунальні
Єдина квитанція,Комунальні
Книгарня Є,Інше
IKEA меблі,Інше
Супутникове ТВ,Комунальні
Домашня кухня кафе,Їжа
Зоопарк квиток,Розваги
Метро Київ,Транспорт
Консалтинг оплата,Зарплата
Аптека 911,Здоров'я
Поповнення мобільного Київстар,Інше
Єдина квитанція,Комунальні
Diia розваги,Розваги
WOG АЗС,Транспорт
Київводоканал,Комунальні
Лікарняний виплата,Зарплата
Продукти 24/7,Їжа
Картинг клуб,Розваги
Megogo,Розваги
Ремонт під'їзду,Комунальні
Lego набір,Розваги
Каршерінг Delimobil,Транспорт
Тир стрільба,Розваги
Обід ресторан,Їжа
Держпослуга оплата,Інше
Apple Music підписка,Розваги
Домофон обслуговування,Комунальні
Поповнення мобільного Київстар,Інше
Укрзалізниця квитки,Транспорт
Водопостачання рахунок,Комунальні
Organic Shop,Їжа
МЦ Оберіг,Здоров'я
Розетка товари,Інше
Lego набір,Розваги
Музей вхід,Розваги
Капітальний ремонт будинку,Комунальні
Spotify музика,Розваги
Річна премія,Зарплата
Ліфт обслуговування,Комунальні
Проектна виплата,Зарплата
Samsung магазин,Інше
Парковка центр міста,Транспорт
Пузата Хата,Їжа
ФОП виплата місячна,Зарплата
Теплопостачання,Комунальні
Податок сплата,Інше
Автовокзал квиток,Транспорт
Електрика поповнення,Комунальні
Батутний центр,Розваги
Проектна виплата,Зарплата
Нічний клуб,Розваги
Репетиторство оплата,Зарплата
Подарунок покупка,Інше
Uber таксі,Транспорт
Більярдна зала,Розваги
Страховка житла,Комунальні
Виплата бонусу,Зарплата
Капітальний ремонт будинку,Комунальні
Водопостачання рахунок,Комунальні
Театр квиток,Розваги
Organic Shop,Їжа
Виплата фріланс Upwork,Зарплата
Comfy електроніка,Інше
Клас маркет,Їжа
Барна стійка,Розваги
Домофон обслуговування,Комунальні
Домофон обслуговування,Комунальні
Nash Format книги,Інше
Таксі Комфорт,Транспорт
CrossFit абонемент,Здоров'я
Аптека 911,Здоров'я
Аналізи крові,Здоров'я
МРТ обстеження,Здоров'я
Дерматолог прийом,Здоров'я
Податок сплата,Інше
ФОП дохід,Зарплата
Виплата фріланс Upwork,Зарплата
Organic Shop,Їжа
МРТ обстеження,Здоров'я
Консалтинг оплата,Зарплата
Поповнення мобільного Київстар,Інше
Disney Plus підписка,Розваги
Медичний огляд,Здоров'я
Газ постачання,Комунальні
Офтальмолог прийом,Здоров'я
Lviv Croissants,Їжа
Мийка авто,Транспорт
Клас маркет,Їжа
Amazon Prime Video,Розваги
Diia розваги,Розваги
Lidl магазин,Їжа
Кіноклуб абонемент,Розваги
Аптека АНЦ,Здоров'я
Аптека Доброго Дня,Здоров'я
Капітальний ремонт будинку,Комунальні
Varus супермаркет,Їжа
ОККО бензин,Транспорт
Страхування майна,Інше
Оплата Ясно,Комунальні
Оренда квартири,Комунальні
Кінотеатр Multiplex,Розваги
Виплата ТОВ Альфа,Зарплата
Ігровий клуб,Розваги
Консультація лікаря,Здоров'я
Ельдорадо гаджет,Інше
Укртелеком інтернет,Комунальні
Послуги нотаріуса,Інше
Канцтовари офісні,Інше
Електроавтобус картка,Транспорт
Зарплата підприємство,Зарплата
Консалтинг оплата,Зарплата
Аналізи крові,Здоров'я
Консалтинг оплата,Зарплата
Квест кімната,Розваги
Капітальний ремонт будинку,Комунальні
Apple Store,Інше
Дохід від фрілансу,Зарплата
Продуктовий магазин,Їжа
Надбавка за стаж,Зарплата
Ремонт телефону,Інше
Книгарня Є,Інше
Ремонт під'їзду,Комунальні
Домашня кухня кафе,Їжа
Парковка центр міста,Транспорт
Канцтовари офісні,Інше
Мікроавтобус оренда,Транспорт
Настільні ігри магазин,Розваги
Укртелеком інтернет,Комунальні
Дохід від фрілансу,Зарплата
Щеплення клініка,Здоров'я
Apple Music підписка,Розваги
Укртелеком інтернет,Комунальні
Samsung магазин,Інше
Дохід Fiverr,Зарплата
Стоматологія,Здоров'я
Дерматолог прийом,Здоров'я
Сільпо,Їжа
Укрпошта доставка вантажу,Транспорт
Кур'єр доставка,Інше
Батутний центр,Розваги
Зарплата підприємство,Зарплата
Супутникове ТВ,Комунальні
УЗД обстеження,Здоров'я
Nash Format книги,Інше
Щеплення клініка,Здоров'я
Клініка Борис,Здоров'я
Квартплата,Комунальні
Scooter оренда,Транспорт
Дієтолог прийом,Здоров'я
Психотерапевт сеанс,Здоров'я
KFC ресторан,Їжа
Міська електричка,Транспорт
Автовокзал квиток,Транспорт
Квартальна премія,Зарплата
Тролейбус поповнення,Транспорт
Епіцентр будматеріали,Інше
ANP заправка,Транспорт
Картинг клуб,Розваги
Зарплата підприємство,Зарплата
Водопостачання рахунок,Комунальні
HBO Max,Розваги
Взуття Respect,Інше
Лікарняний виплата,Зарплата
Meest покупка зі США,Інше
Зарплата ТОВ Гамма,Зарплата
Сільпо,Їжа
Фора продукти,Їжа
ФОП виплата місячна,Зарплата
Мікроавтобус оренда,Транспорт
Поповнення Vodafone,Інше
Glovo замовлення їжі,Їжа
Супутникове ТВ,Комунальні
Здорове харчування,Їжа
Мікроавтобус оренда,Транспорт
Зарплата підприємство,Зарплата
Ельдорадо гаджет,Інше
Київенерго електроенергія,Комунальні
Аванс ФОП,Зарплата
Amazon замовлення,Інше
Квартальна премія,Зарплата
Відпускні виплата,Зарплата
Ювелірний магазин,Інше
Відпускні виплата,Зарплата
Тренажерний зал,Здоров'я
Лікар Салат,Їжа
Супутникове ТВ,Комунальні
Укрзалізниця квитки,Транспорт
Burger King,Їжа
Socar бензин,Транспорт
Shell АЗС,Транспорт
Виплата ТОВ Альфа,Зарплата
Фруктова крамниця,Їжа
OLX угода,Інше
Податок сплата,Інше
Фізіотерапія курс,Здоров'я
Вивіз сміття,Комунальні
Burger King,Їжа
Салон краси,Інше
Водолічильник повірка,Комунальні
Оплата Ясно,Комунальні
Аптека Бажаємо здоров'я,Здоров'я
Техогляд авто,Транспорт
Метро Київ,Транспорт
Епіцентр будматеріали,Інше
Виплата бонусу,Зарплата
Мікроавтобус оренда,Транспорт
Steam ігри,Розваги
Басейн абонемент,Здоров'я
Тир стрільба,Розваги
Авіаквиток МАУ,Транспорт
Парковка центр міста,Транспорт
Газ постачання,Комунальні
Glovo замовлення їжі,Їжа
Штраф адміністративний,Інше
Сімейна ковбаска,Їжа
Масаж лікувальний,Здоров'я
Мікроавтобус оренда,Транспорт
Burger King,Їжа
Аптека Подорожник,Здоров'я
Shell АЗС,Транспорт
Кіноклуб абонемент,Розваги
ФОП виплата місячна,Зарплата
Amazon замовлення,Інше
Хімчистка одягу,Інше
Нова Пошта доставка великого,Транспорт
ДТЕК електрика,Комунальні
Одяг магазин Zara,Інше
Amazon Prime Video,Розваги
Проектна виплата,Зарплата
Кабельне телебачення,Комунальні
Декретні виплата,Зарплата
Гонорар за проект,Зарплата
Невролог прийом,Здоров'я
Хліб кафе,Їжа
Продукти 24/7,Їжа
Овочі та фрукти,Їжа
Водолічильник повірка,Комунальні
Easy Park паркування,Транспорт
Біг клуб членство,Здоров'я
Консалтинг оплата,Зарплата
Зарплата ТОВ Гамма,Зарплата
ОСББ внесок,Комунальні
Фора продукти,Їжа
Штраф адміністративний,Інше
Spotify музика,Розваги
Lidl магазин,Їжа
Інтернет Vodafone,Комунальні
Виплата ТОВ Альфа,Зарплата
KFC ресторан,Їжа
Декретні виплата,Зарплата
Концерт квиток,Розваги
Теплопостачання,Комунальні
Квест кімната,Розваги
Netflix підписка,Розваги
Нафтогаз,Комунальні
Дохід ПП,Зарплата
Паперові товари,Інше
Поповнення мобільного Київстар,Інше
Аванс ТОВ Дельта,Зарплата
Водолічильник повірка,Комунальні
Burger King,Їжа
Фестиваль вхідний,Розваги
Karaoke вечір,Розваги
Мийка авто,Транспорт
Піца з доставкою,Їжа
Відпускні виплата,Зарплата
Disney Plus підписка,Розваги
OLX угода,Інше
CrossFit абонемент,Здоров'я
Ryanair авіа,Транспорт
Настільні ігри магазин,Розваги
Burger King,Їжа
Аксесуари магазин,Інше
Річна премія,Зарплата
Київводоканал,Комунальні
Офтальмолог прийом,Здоров'я
Disney Plus підписка,Розваги
Епіцентр будматеріали,Інше
CrossFit абонемент,Здоров'я
Мережа Євроопт,Їжа
Більярдна зала,Розваги
Опалення сезон,Комунальні
Авіаквиток МАУ,Транспорт
Опалення сезон,Комунальні
Ebay покупка,Інше
CrossFit абонемент,Здоров'я
Таксі Комфорт,Транспорт
Nash Format книги,Інше
Netflix підписка,Розваги
Технічне обслуговування авто,Транспорт
Комунальні послуги загальні,Комунальні
Аквапарк,Розваги
Таксі Комфорт,Транспорт
Автобус Київ,Транспорт
Кіноклуб абонемент,Розваги
Netflix підписка,Розваги
Ремонт під'їзду,Комунальні
Поштові послуги,Інше
ФОП дохід,Зарплата
ОСББ внесок,Комунальні
Ветклініка тварина,Інше
Фестиваль вхідний,Розваги
Поповнення Lifecell,Інше
Netflix підписка,Розваги
Розетка товари,Інше
Лікарняний виплата,Зарплата
Spotify музика,Розваги
Податок сплата,Інше
Київенерго електроенергія,Комунальні
Маршрутка оплата,Транспорт
Електрика поповнення,Комунальні
Укртелеком інтернет,Комунальні
Burger King,Їжа
Басейн абонемент,Здоров'я
Проектна виплата,Зарплата
Паром переправа,Транспорт
Кардіолог консультація,Здоров'я
УЗД обстеження,Здоров'я
Аванс ФОП,Зарплата
Дохід від фрілансу,Зарплата
Зарплата ТОВ Гамма,Зарплата
Виплата ТОВ Бета,Зарплата
Картинг клуб,Розваги
YouTube Premium,Розваги
Eko Market,Їжа
Leroy Merlin ремонт,Інше
Страховка ОСЦПВ,Транспорт
Заробітна плата,Зарплата
Послуги нотаріуса,Інше
Аванс ТОВ,Зарплата
Настільні ігри магазин,Розваги
Гонорар за проект,Зарплата
Опалення сезон,Комунальні
Зарплата ТОВ Гамма,Зарплата
Зоомагазин,Інше
Хліб кафе,Їжа
Rent a car,Транспорт
Кавярня Aroma,Їжа
ДТЕК паркування,Транспорт
Укртелеком інтернет,Комунальні
Клас маркет,Їжа
Манікюр послуга,Інше
Nash Format книги,Інше
Метро Cash&Carry,Їжа
Таксі Комфорт,Транспорт
Eko Market,Їжа
Аквапарк,Розваги
Електроавтобус картка,Транспорт
Виплата ТОВ Альфа,Зарплата
Easy Park паркування,Транспорт
PlayStation Store,Розваги
Продуктовий магазин,Їжа
Тролейбус поповнення,Транспорт
Виплата ТОВ Бета,Зарплата
Парковка центр міста,Транспорт
Аптека АНЦ,Здоров'я
Психотерапевт сеанс,Здоров'я
Автовокзал квиток,Транспорт
Вивіз сміття,Комунальні
Психолог консультація,Здоров'я
МЦ Оберіг,Здоров'я
Домофон обслуговування,Комунальні
Uber Eats замовлення,Їжа
Socar бензин,Транспорт
ОККО бензин,Транспорт
Настільні ігри магазин,Розваги
Виплата ТОВ Бета,Зарплата
Scooter оренда,Транспорт
Аванс ТОВ,Зарплата
Авіаквиток МАУ,Транспорт
Ігровий клуб,Розваги
Інтернет Vodafone,Комунальні
ДТЕК електрика,Комунальні
Лабораторія Діла,Здоров'я
Justin доставка,Інше
Парковка центр міста,Транспорт
Organic Shop,Їжа
Дискотека вхід,Розваги
Охорона будинку,Комунальні
Квартальна премія,Зарплата
Шиномонтаж,Транспорт
Міська електричка,Транспорт
Аванс ТОВ Дельта,Зарплата
Кабельне телебачення,Комунальні
Goodwine вино,Їжа
Епіцентр будматеріали,Інше
Оренда квартири,Комунальні
Тренажерний зал,Здоров'я
Поповнення Vodafone,Інше
Тир стрільба,Розваги
Консалтинг оплата,Зарплата
Amazon замовлення,Інше
Кардіолог консультація,Здоров'я
БРСМ паливо,Транспорт
ОККО бензин,Транспорт
Аптека Бажаємо здоров'я,Здоров'я
Послуги нотаріуса,Інше
Prom.ua покупка,Інше
Netflix підписка,Розваги
Салон краси,Інше
H&M покупка,Інше
Аптека Доброго Дня,Здоров'я
Leroy Merlin ремонт,Інше
Каршерінг Delimobil,Транспорт
БРСМ паливо,Транспорт
ФОП виплата місячна,Зарплата
Платіжка ЖКГ,Комунальні
Shell АЗС,Транспорт
Інтернет Vodafone,Комунальні
Lviv Croissants,Їжа
ОСББ внесок,Комунальні
Масаж лікувальний,Здоров'я
Нова Пошта,Інше
Укрпошта доставка вантажу,Транспорт
Водопостачання рахунок,Комунальні
Starbucks кава,Їжа
Аквапарк,Розваги
Apple Music підписка,Розваги
Велмарт,Їжа
Консультація лікаря,Здоров'я
Дієтолог прийом,Здоров'я
Газ постачання,Комунальні
Метро Київ,Транспорт
Суші майстер,Їжа
Shell АЗС,Транспорт
ДТЕК паркування,Транспорт
Scooter оренда,Транспорт
Проектна виплата,Зарплата
Поповнення Lifecell,Інше
Якitoriya,Їжа
Послуги нотаріуса,Інше
Масаж лікувальний,Здоров'я
Аванс ФОП,Зарплата
Медичний огляд,Здоров'я
Більярдна зала,Розваги
Пузата Хата,Їжа
Гонорар за проект,Зарплата
Лікарняний виплата,Зарплата
Проектна виплата,Зарплата
Театр квиток,Розваги
Київводоканал,Комунальні
Квартальна премія,Зарплата
ФОП виплата місячна,Зарплата
Виплата фріланс Upwork,Зарплата
Тир стрільба,Розваги
Виплата фріланс Upwork,Зарплата
Samsung магазин,Інше
Автобус Київ,Транспорт
Теплопостачання,Комунальні
Водолічильник повірка,Комунальні
Nintendo eShop,Розваги
Метро Київ,Транспорт
Стоматологія,Здоров'я
Bolt поїздка,Транспорт
ФОП дохід,Зарплата
Таксі Комфорт,Транспорт
Зарплата ТОВ Гамма,Зарплата
Музей вхід,Розваги
Disney Plus підписка,Розваги
KFC ресторан,Їжа
Lidl магазин,Їжа
Річна премія,Зарплата
Технічне обслуговування авто,Транспорт
Технічне обслуговування авто,Транспорт
Каршерінг Delimobil,Транспорт
Книгарня Є,Інше
БАДи замовлення,Здоров'я
OLX угода,Інше
ФОП виплата місячна,Зарплата
Ігровий клуб,Розваги
Varus супермаркет,Їжа
Концерт квиток,Розваги
Опера квиток,Розваги
Дієтолог прийом,Здоров'я
Стоматологія,Здоров'я
Психолог консультація,Здоров'я
Київенерго електроенергія,Комунальні
Diia розваги,Розваги
Кавярня Aroma,Їжа
Барна стійка,Розваги
Страховка житла,Комунальні
Uber таксі,Транспорт
Страхування майна,Інше
Disney Plus підписка,Розваги
Поштові послуги,Інше
Аптека 911,Здоров'я
Страхування майна,Інше
Батутний центр,Розваги
Техогляд авто,Транспорт
Karaoke вечір,Розваги
Маршрутка оплата,Транспорт
Концерт квиток,Розваги
Консалтинг оплата,Зарплата
ДТЕК паркування,Транспорт
Страховка житла,Комунальні
Socar бензин,Транспорт
Зарплата ТОВ Гамма,Зарплата
Лабораторія Діла,Здоров'я
Ліфт обслуговування,Комунальні
Каршерінг Getmancar,Транспорт
Зоомагазин,Інше
Дієтолог прийом,Здоров'я
Lego набір,Розваги
Держпослуга оплата,Інше
Київенерго електроенергія,Комунальні
Виплата фріланс Upwork,Зарплата
Дохід від фрілансу,Зарплата
Гонорар за проект,Зарплата
Лабораторія Діла,Здоров'я
Єдина квитанція,Комунальні
Billa продукти,Їжа
Виплата фріланс Upwork,Зарплата
Поповнення Lifecell,Інше
Батутний центр,Розваги
Wizz Air квиток,Транспорт
Xbox Game Pass,Розваги
Мийка авто,Транспорт
Квартальна премія,Зарплата
Пузата Хата,Їжа
Басейн абонемент,Здоров'я
Технічне обслуговування авто,Транспорт
Квартплата,Комунальні
Держпослуга оплата,Інше
ОСББ внесок,Комунальні
Лікарняний виплата,Зарплата
Укртелеком інтернет,Комунальні
Кулиничі,Їжа
Репетиторство оплата,Зарплата
Техогляд авто,Транспорт
Трамвай картка,Транспорт
Виплата ТОВ Бета,Зарплата
Сільпо,Їжа
Штраф адміністративний,Інше
Єдина квитанція,Комунальні
Мікроавтобус оренда,Транспорт
Apple Store,Інше
Нафтогаз,Комунальні
УЗД обстеження,Здоров'я
Маршрутка оплата,Транспорт
Укрпошта посилка,Інше
БАДи замовлення,Здоров'я
Укрзалізниця квитки,Транспорт
Заробітна плата,Зарплата
Зоопарк квиток,Розваги
Мережа Євроопт,Їжа
Мікроавтобус оренда,Транспорт
Репетиторство оплата,Зарплата
Uklon таксі,Транспорт
Квартплата,Комунальні
Метро Київ,Транспорт
Ліки рецептурні,Здоров'я
Тренажерний зал,Здоров'я
Річна премія,Зарплата
Meest покупка зі США,Інше
Easy Park паркування,Транспорт
Поштові послуги,Інше
УЗД обстеження,Здоров'я
OLX угода,Інше
Дискотека вхід,Розваги
Квест кімната,Розваги
Концерт квиток,Розваги
Інтернет Vodafone,Комунальні
Страховка ОСЦПВ,Транспорт
Nintendo eShop,Розваги
Штраф адміністративний,Інше
Київводоканал,Комунальні
Супутникове ТВ,Комунальні
Біг клуб членство,Здоров'я
Укрпошта посилка,Інше
Манікюр послуга,Інше
Заробітна плата,Зарплата
Надбавка за стаж,Зарплата
Метро Київ,Транспорт
Квартплата,Комунальні
H&M покупка,Інше
Scooter оренда,Транспорт
Burger King,Їжа
Страховка житла,Комунальні
Супутникове ТВ,Комунальні
Вітаміни аптека,Здоров'я
Обід ресторан,Їжа
Теплопостачання,Комунальні
Bolt Food доставка,Їжа
Ремонт під'їзду,Комунальні
Фізіотерапія курс,Здоров'я
Аванс ТОВ,Зарплата
Пілатес заняття,Здоров'я
Оренда квартири,Комунальні
Опалення сезон,Комунальні
БАДи замовлення,Здоров'я
Річна премія,Зарплата
Дохід Fiverr,Зарплата
Репетиторство оплата,Зарплата
Охорона будинку,Комунальні
Виплата ТОВ Бета,Зарплата
Goodwine вино,Їжа
Фокстрот техніка,Інше
Amazon замовлення,Інше
IKEA меблі,Інше
HBO Max,Розваги
Електрика поповнення,Комунальні
Фізіотерапія курс,Здоров'я
Billa продукти,Їжа
Картинг клуб,Розваги
Disney Plus підписка,Розваги
Ветклініка тварина,Інше
Reserved одяг,Інше
Комунальні послуги загальні,Комунальні
Netflix підписка,Розваги
Міська електричка,Транспорт
Зарплата підприємство,Зарплата
Кіноклуб абонемент,Розваги
Аптека Бажаємо здоров'я,Здоров'я
Виплата бонусу,Зарплата
М'ясна лавка,Їжа
Домашня кухня кафе,Їжа
Концерт квиток,Розваги
Хліб кафе,Їжа
Барбершоп,Інше
KFC ресторан,Їжа
OLX угода,Інше
Фора продукти,Їжа
Музей вхід,Розваги
Ігровий клуб,Розваги
Зоопарк квиток,Розваги
VR клуб,Розваги
Поповнення мобільного Київстар,Інше
Невролог прийом,Здоров'я
Uber таксі,Транспорт
Нова Пошта доставка великого,Транспорт
Спортзал абонемент,Здоров'я
Подарунок покупка,Інше
Проектна виплата,Зарплата
Хімчистка одягу,Інше
Сімейна ковбаска,Їжа
Lviv Croissants,Їжа
Ремонт під'їзду,Комунальні
Страхування майна,Інше
Пузата Хата,Їжа
Здорове харчування,Їжа
Disney Plus підписка,Розваги
Страхування майна,Інше
ROZETKA онлайн,Інше
Лабораторія CSD,Здоров'я
Сімейна ковбаска,Їжа
Поповнення Vodafone,Інше
Steam ігри,Розваги
Ryanair авіа,Транспорт
Київводоканал,Комунальні
Аванс ТОВ Дельта,Зарплата
VR клуб,Розваги
Здорове харчування,Їжа
Клас маркет,Їжа
YouTube Premium,Розваги
Барна стійка,Розваги
Uber таксі,Транспорт
Домофон обслуговування,Комунальні
Метро Cash&Carry,Їжа
Prom.ua покупка,Інше
Apple Store,Інше
Disney Plus підписка,Розваги
Вітаміни аптека,Здоров'я
Netflix підписка,Розваги
Аванс ТОВ Дельта,Зарплата
Оренда квартири,Комунальні
Uber таксі,Транспорт
Meest покупка зі США,Інше
Квест кімната,Розваги
Лабораторія Діла,Здоров'я
ДТЕК паркування,Транспорт
Ігровий клуб,Розваги
Зарплата ТОВ Гамма,Зарплата
HBO Max,Розваги
Квіти магазин,Інше
Центральний ринок,Їжа
Зоопарк квиток,Розваги
Консультація лікаря,Здоров'я
Домофон обслуговування,Комунальні
МЦ Оберіг,Здоров'я
Escape Room,Розваги
Супутникове ТВ,Комунальні
Маршрутка оплата,Транспорт
Reserved одяг,Інше
Аванс ФОП,Зарплата
Karaoke вечір,Розваги
Зоомагазин,Інше
МЦ Оберіг,Здоров'я
Comfy електроніка,Інше
Картинг клуб,Розваги
Паперові товари,Інше
ФОП виплата місячна,Зарплата
Виплата бонусу,Зарплата
Meest покупка зі США,Інше
Оренда квартири,Комунальні
Штраф адміністративний,Інше
Спортзал абонемент,Здоров'я
Надбавка за стаж,Зарплата
Таксі Комфорт,Транспорт
CrossFit абонемент,Здоров'я
Аналізи крові,Здоров'я
Ювелірний магазин,Інше
Консультація лікаря,Здоров'я
Консалтинг оплата,Зарплата
Штраф адміністративний,Інше
Автовокзал квиток,Транспорт
Медичний огляд,Здоров'я
Батутний центр,Розваги
SportLife абонемент,Здоров'я
Опалення сезон,Комунальні
Концерт квиток,Розваги
Megogo,Розваги
Квіти магазин,Інше
Здорове харчування,Їжа
Автовокзал квиток,Транспорт
Боулінг клуб,Розваги
HBO Max,Розваги
Страхування майна,Інше
Espresso bar,Їжа
Фруктова крамниця,Їжа
ОККО бензин,Транспорт
McDonalds,Їжа
Кіноклуб абонемент,Розваги
Дохід від фрілансу,Зарплата
Відеотека оренда,Розваги
Ветклініка тварина,Інше
Пузата Хата,Їжа
Netflix підписка,Розваги
Нова Пошта відправлення,Інше
Маршрутка оплата,Транспорт
Паперові товари,Інше
Ювелірний магазин,Інше
Easy Park паркування,Транспорт
Зарплата ТОВ Гамма,Зарплата
Lego набір,Розваги
